<?xml version="1.0" encoding="UTF-8"?>
<project-private xmlns="http://www.netbeans.org/ns/project-private/1">
    <editor-bookmarks xmlns="http://www.netbeans.org/ns/editor-bookmarks/2" lastBookmarkId="0"/>
    <open-files xmlns="http://www.netbeans.org/ns/projectui-open-files/2">
        <group name="山理工Group 20160524-02:35:09">
            <file>file:/D:/javaprj/PSS1.0/src/com/hpe/pps/view/MainDeskTopPane.java</file>
            <file>file:/D:/javaprj/PSS1.0/src/com/hpe/pps/view/LoginFrame.java</file>
            <file>file:/D:/javaprj/PSS1.0/src/com/hpe/pps/view/PPSFrame.java</file>
            <file>file:/D:/javaprj/PSS1.0/src/com/hpe/pps/view/PicPane.java</file>
        </group>
    </open-files>
</project-private>
